"ID","RelationId","User","Relationship"
"5001","5002","Gardie","Like"
"5002","5003","Standford","Like"
"5003","5004","Burch","Like"
"5004","5005","Earl","Like"
"5005","5006","Christabella","Like"
"5006","5007","Cheri","Like"
"5007","5008","Aleda","Like"
"5008","5009","De","Like"
"5009","5010","Joline","Like"
"5010","5011","Kevon","Like"
"5011","5012","Blair","Like"
"5012","5013","Lyndsey","Like"
"5013","5014","Maurise","Like"
"5014","5015","Cull","Like"
"5015","5016","Patrick","Like"
"5016","5017","Maddy","Like"
"5017","5018","Elly","Like"
"5018","5019","Billie","Like"
"5019","5020","Joceline","Like"
"5020","5021","Raimondo","Like"
"5021","5022","Franklin","Like"
"5022","5023","Bryce","Like"
"5023","5024","Salomone","Like"
"5024","5025","Mel","Like"
"5025","5026","Charyl","Like"
"5026","5027","Merry","Like"
"5027","5028","Ranna","Like"
"5028","5029","Stearn","Like"
"5029","5030","Persis","Like"
"5030","5031","Ly","Like"
"5031","5032","Neda","Like"
"5032","5033","Easter","Like"
"5033","5034","Job","Like"
"5034","5035","Whitney","Like"
"5035","5036","Emily","Like"
"5036","5037","Rufus","Like"
"5037","5038","Fanchette","Like"
"5038","5039","Waylon","Like"
"5039","5040","Felice","Like"
"5040","5041","Opaline","Like"
"5041","5042","Kendricks","Like"
"5042","5043","Laraine","Like"
"5043","5044","Graham","Like"
"5044","5045","Claiborn","Like"
"5045","5046","Guthrie","Like"
"5046","5047","Benn","Like"
"5047","5048","Irina","Like"
"5048","5049","Liana","Like"
"5049","5050","Doretta","Like"
"5050","5051","Idette","Like"
"5051","5052","Valina","Like"
"5052","5053","Francine","Like"
"5053","5054","Lavina","Like"
"5054","5055","Lind","Like"
"5055","5056","Delmore","Like"
"5056","5057","Miquela","Like"
"5057","5058","Deck","Like"
"5058","5059","Gerek","Like"
"5059","5060","Hanson","Like"
"5060","5061","Jakie","Like"
"5061","5062","Florida","Like"
"5062","5063","Reinaldos","Like"
"5063","5064","Carie","Like"
"5064","5065","Salvatore","Like"
"5065","5066","Eduard","Like"
"5066","5067","Uriah","Like"
"5067","5068","Shannon","Like"
"5068","5069","Kassey","Like"
"5069","5070","Ajay","Like"
"5070","5071","Vanda","Like"
"5071","5072","Lionello","Like"
"5072","5073","Tucky","Like"
"5073","5074","Vin","Like"
"5074","5075","Ryley","Like"
"5075","5076","Darn","Like"
"5076","5077","Thom","Like"
"5077","5078","Shawn","Like"
"5078","5079","Dino","Like"
"5079","5080","Damiano","Like"
"5080","5081","Suzanne","Like"
"5081","5082","Katharina","Like"
"5082","5083","Andres","Like"
"5083","5084","Simon","Like"
"5084","5085","Wilmar","Like"
"5085","5086","Nicolette","Like"
"5086","5087","Cleve","Like"
"5087","5088","Leia","Like"
"5088","5089","Katya","Like"
"5089","5090","Jacklin","Like"
"5090","5091","Sasha","Like"
"5091","5092","Earle","Like"
"5092","5093","Byran","Like"
"5093","5094","Robin","Like"
"5094","5095","Candida","Like"
"5095","5096","Karine","Like"
"5096","5097","Gwenore","Like"
"5097","5098","Bertrand","Like"
"5098","5099","Gladys","Like"
"5099","5100","Nicola","Like"
"5100","5101","Keeley","Like"
"5101","5102","Andras","Like"
"5102","5103","Rebeka","Like"
"5103","5104","Zeb","Like"
"5104","5105","Daisey","Like"
"5105","5106","Ranique","Like"
"5106","5107","Liz","Like"
"5107","5108","Niki","Like"
"5108","5109","Courtnay","Like"
"5109","5110","Merrill","Like"
"5110","5111","Nedda","Like"
"5111","5112","Patience","Like"
"5112","5113","Evin","Like"
"5113","5114","Kenny","Like"
"5114","5115","Fabien","Like"
"5115","5116","Nisse","Like"
"5116","5117","Marjy","Like"
"5117","5118","Elisabet","Like"
"5118","5119","Vannie","Like"
"5119","5120","Allie","Like"
"5120","5121","Lorine","Like"
"5121","5122","Rozanne","Like"
"5122","5123","Joellen","Like"
"5123","5124","Tedmund","Like"
"5124","5125","Ranee","Like"
"5125","5126","Shanda","Like"
"5126","5127","Adelle","Like"
"5127","5128","Rosene","Like"
"5128","5129","Ashlie","Like"
"5129","5130","Clemmie","Like"
"5130","5131","Winni","Like"
"5131","5132","Binky","Like"
"5132","5133","Basilio","Like"
"5133","5134","Rachelle","Like"
"5134","5135","Zena","Like"
"5135","5136","Merv","Like"
"5136","5137","Celestyn","Like"
"5137","5138","Crista","Like"
"5138","5139","Holly","Like"
"5139","5140","Jeane","Like"
"5140","5141","Carlina","Like"
"5141","5142","Min","Like"
"5142","5143","Carlota","Like"
"5143","5144","Liam","Like"
"5144","5145","Korrie","Like"
"5145","5146","Alvie","Like"
"5146","5147","Clem","Like"
"5147","5148","Selma","Like"
"5148","5149","Inesita","Like"
"5149","5150","Marven","Like"
"5150","5151","Guss","Like"
"5151","5152","Gwyn","Like"
"5152","5153","Eveleen","Like"
"5153","5154","Brion","Like"
"5154","5155","Kennie","Like"
"5155","5156","Lucius","Like"
"5156","5157","Reg","Like"
"5157","5158","Dilan","Like"
"5158","5159","Vanny","Like"
"5159","5160","Pincus","Like"
"5160","5161","Elke","Like"
"5161","5162","Donny","Like"
"5162","5163","Dannye","Like"
"5163","5164","Anya","Like"
"5164","5165","Thorndike","Like"
"5165","5166","Gray","Like"
"5166","5167","Myrtie","Like"
"5167","5168","Euell","Like"
"5168","5169","Devina","Like"
"5169","5170","Tailor","Like"
"5170","5171","Franklin","Like"
"5171","5172","Jed","Like"
"5172","5173","Della","Like"
"5173","5174","Linc","Like"
"5174","5175","Kelsi","Like"
"5175","5176","Cully","Like"
"5176","5177","Tova","Like"
"5177","5178","Storm","Like"
"5178","5179","Fitz","Like"
"5179","5180","Clark","Like"
"5180","5181","Rosmunda","Like"
"5181","5182","Emile","Like"
"5182","5183","Bil","Like"
"5183","5184","Nara","Like"
"5184","5185","Gregorius","Like"
"5185","5186","Livvie","Like"
"5186","5187","Hedwiga","Like"
"5187","5188","Petey","Like"
"5188","5189","Marieann","Like"
"5189","5190","Brinna","Like"
"5190","5191","Herbert","Like"
"5191","5192","Cosme","Like"
"5192","5193","Pearline","Like"
"5193","5194","Stephi","Like"
"5194","5195","Park","Like"
"5195","5196","Bobbie","Like"
"5196","5197","Zacharia","Like"
"5197","5198","Percival","Like"
"5198","5199","Brooks","Like"
"5199","5200","Giffer","Like"
"5200","5201","Guglielma","Like"
"5201","5202","Gran","Like"
"5202","5203","Kaine","Like"
"5203","5204","Axe","Like"
"5204","5205","Bonita","Like"
"5205","5206","Patin","Like"
"5206","5207","Prisca","Like"
"5207","5208","Lindie","Like"
"5208","5209","Ezequiel","Like"
"5209","5210","Nicol","Like"
"5210","5211","Abra","Like"
"5211","5212","Sibelle","Like"
"5212","5213","Pandora","Like"
"5213","5214","Vincents","Like"
"5214","5215","Carlie","Like"
"5215","5216","Marigold","Like"
"5216","5217","Loralyn","Like"
"5217","5218","Lief","Like"
"5218","5219","Lonee","Like"
"5219","5220","Deerdre","Like"
"5220","5221","Euell","Like"
"5221","5222","Ranna","Like"
"5222","5223","Jo","Like"
"5223","5224","Lizabeth","Like"
"5224","5225","Hugo","Like"
"5225","5226","Giraud","Like"
"5226","5227","Krystyna","Like"
"5227","5228","Drusy","Like"
"5228","5229","Byrann","Like"
"5229","5230","Brigg","Like"
"5230","5231","Joellen","Like"
"5231","5232","Petr","Like"
"5232","5233","Jemimah","Like"
"5233","5234","Cinda","Like"
"5234","5235","Valerye","Like"
"5235","5236","Lauryn","Like"
"5236","5237","Gerrilee","Like"
"5237","5238","Morna","Like"
"5238","5239","Christiano","Like"
"5239","5240","Urbain","Like"
"5240","5241","Dulciana","Like"
"5241","5242","Madelena","Like"
"5242","5243","Cassie","Like"
"5243","5244","Melony","Like"
"5244","5245","Blakeley","Like"
"5245","5246","Emylee","Like"
"5246","5247","Goldy","Like"
"5247","5248","Andrea","Like"
"5248","5249","Mark","Like"
"5249","5250","Zita","Like"
"5250","5251","Roana","Like"
"5251","5252","Marlane","Like"
"5252","5253","Perry","Like"
"5253","5254","Esta","Like"
"5254","5255","Caroljean","Like"
"5255","5256","Rodrick","Like"
"5256","5257","Aylmer","Like"
"5257","5258","Karel","Like"
"5258","5259","Bryana","Like"
"5259","5260","Ruben","Like"
"5260","5261","Emili","Like"
"5261","5262","Sheilakathryn","Like"
"5262","5263","Zorine","Like"
"5263","5264","Mylo","Like"
"5264","5265","Jenilee","Like"
"5265","5266","Bella","Like"
"5266","5267","Silvanus","Like"
"5267","5268","Zea","Like"
"5268","5269","Christie","Like"
"5269","5270","Taber","Like"
"5270","5271","Alia","Like"
"5271","5272","Gabie","Like"
"5272","5273","Farlie","Like"
"5273","5274","Northrop","Like"
"5274","5275","Mirabel","Like"
"5275","5276","Andeee","Like"
"5276","5277","Atlanta","Like"
"5277","5278","Ewan","Like"
"5278","5279","Wilow","Like"
"5279","5280","Adiana","Like"
"5280","5281","Hewitt","Like"
"5281","5282","Tremaine","Like"
"5282","5283","Loise","Like"
"5283","5284","Jarid","Like"
"5284","5285","Roderic","Like"
"5285","5286","Harcourt","Like"
"5286","5287","Angelica","Like"
"5287","5288","Lazarus","Like"
"5288","5289","Esma","Like"
"5289","5290","Feodor","Like"
"5290","5291","Jessalin","Like"
"5291","5292","Coleman","Like"
"5292","5293","Jacques","Like"
"5293","5294","Baxter","Like"
"5294","5295","Isidro","Like"
"5295","5296","Byrle","Like"
"5296","5297","Byron","Like"
"5297","5298","Lorin","Like"
"5298","5299","Nerta","Like"
"5299","5300","Mora","Like"
"5300","5301","Der","Like"
"5301","5302","Abbie","Like"
"5302","5303","Gage","Like"
"5303","5304","Viviyan","Like"
"5304","5305","Giavani","Like"
"5305","5306","Regina","Like"
"5306","5307","Spencer","Like"
"5307","5308","Melony","Like"
"5308","5309","Anallese","Like"
"5309","5310","Ernest","Like"
"5310","5311","Gregorio","Like"
"5311","5312","Celina","Like"
"5312","5313","Ollie","Like"
"5313","5314","Welby","Like"
"5314","5315","Betsy","Like"
"5315","5316","Lamont","Like"
"5316","5317","Tomasina","Like"
"5317","5318","Winna","Like"
"5318","5319","Alaine","Like"
"5319","5320","Talyah","Like"
"5320","5321","Brady","Like"
"5321","5322","Javier","Like"
"5322","5323","Susanetta","Like"
"5323","5324","Crista","Like"
"5324","5325","Lief","Like"
"5325","5326","Nelson","Like"
"5326","5327","Beverly","Like"
"5327","5328","Rutter","Like"
"5328","5329","Drucy","Like"
"5329","5330","Adriano","Like"
"5330","5331","Grethel","Like"
"5331","5332","Erinna","Like"
"5332","5333","Simonne","Like"
"5333","5334","Jeana","Like"
"5334","5335","Cammie","Like"
"5335","5336","Teena","Like"
"5336","5337","Frances","Like"
"5337","5338","Gail","Like"
"5338","5339","Ellen","Like"
"5339","5340","Mack","Like"
"5340","5341","Grady","Like"
"5341","5342","Adan","Like"
"5342","5343","Marcelle","Like"
"5343","5344","Aeriell","Like"
"5344","5345","Barth","Like"
"5345","5346","Sari","Like"
"5346","5347","Daune","Like"
"5347","5348","Aurore","Like"
"5348","5349","Gabriell","Like"
"5349","5350","Ninnette","Like"
"5350","5351","Kalina","Like"
"5351","5352","Petr","Like"
"5352","5353","Constantino","Like"
"5353","5354","Kori","Like"
"5354","5355","Lethia","Like"
"5355","5356","Becka","Like"
"5356","5357","Gwenny","Like"
"5357","5358","Lisha","Like"
"5358","5359","Philbert","Like"
"5359","5360","Sig","Like"
"5360","5361","Odele","Like"
"5361","5362","Jacquenetta","Like"
"5362","5363","Beatriz","Like"
"5363","5364","Clevey","Like"
"5364","5365","Ema","Like"
"5365","5366","Odie","Like"
"5366","5367","Celestia","Like"
"5367","5368","Lee","Like"
"5368","5369","Judi","Like"
"5369","5370","Stephie","Like"
"5370","5371","Vincents","Like"
"5371","5372","Greta","Like"
"5372","5373","Kellsie","Like"
"5373","5374","Morena","Like"
"5374","5375","Elijah","Like"
"5375","5376","Shelley","Like"
"5376","5377","Dom","Like"
"5377","5378","Babbette","Like"
"5378","5379","Gabriela","Like"
"5379","5380","Wilmette","Like"
"5380","5381","Gloriane","Like"
"5381","5382","Allard","Like"
"5382","5383","Nerte","Like"
"5383","5384","Tate","Like"
"5384","5385","Lamond","Like"
"5385","5386","Jacklin","Like"
"5386","5387","Morgan","Like"
"5387","5388","Junia","Like"
"5388","5389","Debby","Like"
"5389","5390","Patrica","Like"
"5390","5391","Vitia","Like"
"5391","5392","Kelly","Like"
"5392","5393","Martino","Like"
"5393","5394","Ula","Like"
"5394","5395","Horst","Like"
"5395","5396","Drusi","Like"
"5396","5397","Fey","Like"
"5397","5398","Marcella","Like"
"5398","5399","Selia","Like"
"5399","5400","Paige","Like"
"5400","5401","Cornell","Like"
"5401","5402","Jessamyn","Like"
"5402","5403","Korrie","Like"
"5403","5404","Kari","Like"
"5404","5405","Caritta","Like"
"5405","5406","Bond","Like"
"5406","5407","Chelsea","Like"
"5407","5408","Deedee","Like"
"5408","5409","Cordi","Like"
"5409","5410","Pru","Like"
"5410","5411","Licha","Like"
"5411","5412","Willetta","Like"
"5412","5413","Sadye","Like"
"5413","5414","Gilberte","Like"
"5414","5415","Caz","Like"
"5415","5416","Cord","Like"
"5416","5417","Kiel","Like"
"5417","5418","Aundrea","Like"
"5418","5419","Perice","Like"
"5419","5420","Tiphanie","Like"
"5420","5421","Daffy","Like"
"5421","5422","Monica","Like"
"5422","5423","Brit","Like"
"5423","5424","Elsbeth","Like"
"5424","5425","Livvie","Like"
"5425","5426","Ray","Like"
"5426","5427","Jermayne","Like"
"5427","5428","Rebekah","Like"
"5428","5429","Christiana","Like"
"5429","5430","Dion","Like"
"5430","5431","Angelica","Like"
"5431","5432","Tiffany","Like"
"5432","5433","Pammy","Like"
"5433","5434","Dinah","Like"
"5434","5435","Sena","Like"
"5435","5436","Helga","Like"
"5436","5437","Rowan","Like"
"5437","5438","Lazare","Like"
"5438","5439","Chalmers","Like"
"5439","5440","Ronica","Like"
"5440","5441","Kort","Like"
"5441","5442","Milicent","Like"
"5442","5443","Sibley","Like"
"5443","5444","Nevil","Like"
"5444","5445","Ula","Like"
"5445","5446","Samuel","Like"
"5446","5447","Gerardo","Like"
"5447","5448","Shaw","Like"
"5448","5449","Shurlock","Like"
"5449","5450","Jervis","Like"
"5450","5451","Karlens","Like"
"5451","5452","Giffer","Like"
"5452","5453","Remus","Like"
"5453","5454","Xylia","Like"
"5454","5455","Torrin","Like"
"5455","5456","Fianna","Like"
"5456","5457","Noni","Like"
"5457","5458","Norbert","Like"
"5458","5459","Maxie","Like"
"5459","5460","Derril","Like"
"5460","5461","Cally","Like"
"5461","5462","Dolf","Like"
"5462","5463","Sabine","Like"
"5463","5464","Gratia","Like"
"5464","5465","Fremont","Like"
"5465","5466","Sheila-kathryn","Like"
"5466","5467","Gill","Like"
"5467","5468","Kristi","Like"
"5468","5469","Catina","Like"
"5469","5470","Bernadene","Like"
"5470","5471","Jessey","Like"
"5471","5472","Aeriell","Like"
"5472","5473","Waly","Like"
"5473","5474","Stefan","Like"
"5474","5475","Wood","Like"
"5475","5476","Tait","Like"
"5476","5477","Duffy","Like"
"5477","5478","Lexine","Like"
"5478","5479","Adrianne","Like"
"5479","5480","Gwenneth","Like"
"5480","5481","Benedetta","Like"
"5481","5482","Analise","Like"
"5482","5483","Lenci","Like"
"5483","5484","Madge","Like"
"5484","5485","Wald","Like"
"5485","5486","Claudell","Like"
"5486","5487","Dorella","Like"
"5487","5488","Natal","Like"
"5488","5489","Ozzy","Like"
"5489","5490","Josh","Like"
"5490","5491","Jonis","Like"
"5491","5492","Heather","Like"
"5492","5493","Wade","Like"
"5493","5494","Zarla","Like"
"5494","5495","Cozmo","Like"
"5495","5496","Hakim","Like"
"5496","5497","Eachelle","Like"
"5497","5498","Nels","Like"
"5498","5499","Katy","Like"
"5499","5500","Edwina","Like"
"5500","5501","Christyna","Like"
"5501","5502","Garrek","Like"
"5502","5503","Gaylord","Like"
"5503","5504","Solomon","Like"
"5504","5505","Ruperta","Like"
"5505","5506","Analiese","Like"
"5506","5507","Fleur","Like"
"5507","5508","Marianne","Like"
"5508","5509","Georgina","Like"
"5509","5510","Emmalynne","Like"
"5510","5511","Talbert","Like"
"5511","5512","Culley","Like"
"5512","5513","Hugh","Like"
"5513","5514","Dorelia","Like"
"5514","5515","Tabbatha","Like"
"5515","5516","Urbano","Like"
"5516","5517","Fran","Like"
"5517","5518","Casper","Like"
"5518","5519","Jesus","Like"
"5519","5520","Delmore","Like"
"5520","5521","Kellia","Like"
"5521","5522","Thatch","Like"
"5522","5523","Ronny","Like"
"5523","5524","Janie","Like"
"5524","5525","Sandy","Like"
"5525","5526","Niven","Like"
"5526","5527","Maury","Like"
"5527","5528","Earle","Like"
"5528","5529","Ken","Like"
"5529","5530","Reube","Like"
"5530","5531","Pavia","Like"
"5531","5532","Denver","Like"
"5532","5533","Luca","Like"
"5533","5534","Bernardina","Like"
"5534","5535","Palm","Like"
"5535","5536","Wilmar","Like"
"5536","5537","Elsie","Like"
"5537","5538","Cleon","Like"
"5538","5539","Asher","Like"
"5539","5540","Wat","Like"
"5540","5541","Horace","Like"
"5541","5542","Johannes","Like"
"5542","5543","Mitch","Like"
"5543","5544","Zacharias","Like"
"5544","5545","Karlee","Like"
"5545","5546","Dyanna","Like"
"5546","5547","Filia","Like"
"5547","5548","Kizzie","Like"
"5548","5549","Merola","Like"
"5549","5550","Dorris","Like"
"5550","5551","Danni","Like"
"5551","5552","Pepe","Like"
"5552","5553","Helen","Like"
"5553","5554","Ignaz","Like"
"5554","5555","Sarena","Like"
"5555","5556","Cynde","Like"
"5556","5557","Dukey","Like"
"5557","5558","Horatia","Like"
"5558","5559","Sheeree","Like"
"5559","5560","Durant","Like"
"5560","5561","Earle","Like"
"5561","5562","Nial","Like"
"5562","5563","Marika","Like"
"5563","5564","Afton","Like"
"5564","5565","Cornelle","Like"
"5565","5566","Cornelle","Like"
"5566","5567","Viviyan","Like"
"5567","5568","Tadeas","Like"
"5568","5569","Dayna","Like"
"5569","5570","Dwight","Like"
"5570","5571","Joella","Like"
"5571","5572","Chariot","Like"
"5572","5573","Wanids","Like"
"5573","5574","Roxanna","Like"
"5574","5575","Hernando","Like"
"5575","5576","Gusella","Like"
"5576","5577","Tobi","Like"
"5577","5578","Garvy","Like"
"5578","5579","Rodolph","Like"
"5579","5580","Lilla","Like"
"5580","5581","Carlos","Like"
"5581","5582","Tobey","Like"
"5582","5583","Gates","Like"
"5583","5584","Kenyon","Like"
"5584","5585","Jobie","Like"
"5585","5586","Rustin","Like"
"5586","5587","Rubin","Like"
"5587","5588","Theodoric","Like"
"5588","5589","Garnette","Like"
"5589","5590","Constantina","Like"
"5590","5591","Devonna","Like"
"5591","5592","Willem","Like"
"5592","5593","Abdul","Like"
"5593","5594","Andie","Like"
"5594","5595","Rudie","Like"
"5595","5596","Meredith","Like"
"5596","5597","Jayme","Like"
"5597","5598","Starlin","Like"
"5598","5599","Janice","Like"
"5599","5600","Belia","Like"
"5600","5601","Pierette","Like"
"5601","5602","Jarrid","Like"
"5602","5603","Philomena","Like"
"5603","5604","Lev","Like"
"5604","5605","Berty","Like"
"5605","5606","Gnni","Like"
"5606","5607","Sallee","Like"
"5607","5608","Zeb","Like"
"5608","5609","Caryn","Like"
"5609","5610","Adair","Like"
"5610","5611","Sigrid","Like"
"5611","5612","Randie","Like"
"5612","5613","Madelene","Like"
"5613","5614","Leda","Like"
"5614","5615","Ursa","Like"
"5615","5616","Morganne","Like"
"5616","5617","Cedric","Like"
"5617","5618","Isiahi","Like"
"5618","5619","Eben","Like"
"5619","5620","Basilius","Like"
"5620","5621","Rabbi","Like"
"5621","5622","Agace","Like"
"5622","5623","Tomas","Like"
"5623","5624","Ariana","Like"
"5624","5625","Heda","Like"
"5625","5626","Evelin","Like"
"5626","5627","Harli","Like"
"5627","5628","Nicole","Like"
"5628","5629","Mitchael","Like"
"5629","5630","Jon","Like"
"5630","5631","Teodor","Like"
"5631","5632","Helge","Like"
"5632","5633","Trista","Like"
"5633","5634","Adler","Like"
"5634","5635","Elladine","Like"
"5635","5636","Clio","Like"
"5636","5637","Gabie","Like"
"5637","5638","Richardo","Like"
"5638","5639","Grethel","Like"
"5639","5640","Rutger","Like"
"5640","5641","Janie","Like"
"5641","5642","Jacquelin","Like"
"5642","5643","Bellina","Like"
"5643","5644","Hayyim","Like"
"5644","5645","Berni","Like"
"5645","5646","Kimberlyn","Like"
"5646","5647","Tonie","Like"
"5647","5648","Kerrie","Like"
"5648","5649","Tybi","Like"
"5649","5650","Yance","Like"
"5650","5651","Oberon","Like"
"5651","5652","Sarene","Like"
"5652","5653","Nickolai","Like"
"5653","5654","Davy","Like"
"5654","5655","Rudiger","Like"
"5655","5656","Ali","Like"
"5656","5657","Kurt","Like"
"5657","5658","Billy","Like"
"5658","5659","Noreen","Like"
"5659","5660","Dinny","Like"
"5660","5661","Kirbie","Like"
"5661","5662","Elwin","Like"
"5662","5663","Emmye","Like"
"5663","5664","Arther","Like"
"5664","5665","Ira","Like"
"5665","5666","Vincenty","Like"
"5666","5667","Theadora","Like"
"5667","5668","Rosco","Like"
"5668","5669","Rancell","Like"
"5669","5670","Tiphani","Like"
"5670","5671","Lindsey","Like"
"5671","5672","Elysha","Like"
"5672","5673","Kendra","Like"
"5673","5674","Natka","Like"
"5674","5675","Heda","Like"
"5675","5676","Howie","Like"
"5676","5677","Eada","Like"
"5677","5678","Gracia","Like"
"5678","5679","Kalli","Like"
"5679","5680","Herb","Like"
"5680","5681","Morie","Like"
"5681","5682","Tonya","Like"
"5682","5683","Jenna","Like"
"5683","5684","Bradly","Like"
"5684","5685","Chancey","Like"
"5685","5686","Ignatius","Like"
"5686","5687","Hoyt","Like"
"5687","5688","Amerigo","Like"
"5688","5689","Johnathan","Like"
"5689","5690","Bentlee","Like"
"5690","5691","Raddie","Like"
"5691","5692","Annemarie","Like"
"5692","5693","Alexandrina","Like"
"5693","5694","Jock","Like"
"5694","5695","Hadley","Like"
"5695","5696","Ezequiel","Like"
"5696","5697","Sayer","Like"
"5697","5698","Berni","Like"
"5698","5699","Lynnett","Like"
"5699","5700","Parsifal","Like"
"5700","5701","Elizabet","Like"
"5701","5702","Alfi","Like"
"5702","5703","Marnia","Like"
"5703","5704","Devon","Like"
"5704","5705","Britt","Like"
"5705","5706","Ewen","Like"
"5706","5707","Nefen","Like"
"5707","5708","Daile","Like"
"5708","5709","Lexy","Like"
"5709","5710","Bili","Like"
"5710","5711","Elisabeth","Like"
"5711","5712","Cornela","Like"
"5712","5713","Mahmud","Like"
"5713","5714","Opaline","Like"
"5714","5715","Tasia","Like"
"5715","5716","Jamison","Like"
"5716","5717","Coletta","Like"
"5717","5718","Luelle","Like"
"5718","5719","Gun","Like"
"5719","5720","Patricia","Like"
"5720","5721","Cherin","Like"
"5721","5722","Cam","Like"
"5722","5723","Norma","Like"
"5723","5724","Darnall","Like"
"5724","5725","Bertina","Like"
"5725","5726","Sindee","Like"
"5726","5727","Lorne","Like"
"5727","5728","Martyn","Like"
"5728","5729","Jackquelin","Like"
"5729","5730","Teressa","Like"
"5730","5731","Cristionna","Like"
"5731","5732","Pacorro","Like"
"5732","5733","Shane","Like"
"5733","5734","Marco","Like"
"5734","5735","Trisha","Like"
"5735","5736","Wheeler","Like"
"5736","5737","Rubin","Like"
"5737","5738","Sabina","Like"
"5738","5739","Elset","Like"
"5739","5740","Umberto","Like"
"5740","5741","Ailsun","Like"
"5741","5742","Gael","Like"
"5742","5743","Karry","Like"
"5743","5744","Tobit","Like"
"5744","5745","Mata","Like"
"5745","5746","Amara","Like"
"5746","5747","Felizio","Like"
"5747","5748","Nickola","Like"
"5748","5749","Janessa","Like"
"5749","5750","Rockey","Like"
"5750","5751","Kaspar","Like"
"5751","5752","Cayla","Like"
"5752","5753","Hillard","Like"
"5753","5754","Jena","Like"
"5754","5755","Guillaume","Like"
"5755","5756","Steffen","Like"
"5756","5757","Annadiana","Like"
"5757","5758","Shayla","Like"
"5758","5759","Ulrica","Like"
"5759","5760","Vitoria","Like"
"5760","5761","Tymothy","Like"
"5761","5762","Guenevere","Like"
"5762","5763","Josephina","Like"
"5763","5764","Bent","Like"
"5764","5765","Mikel","Like"
"5765","5766","Estevan","Like"
"5766","5767","Kristel","Like"
"5767","5768","Fedora","Like"
"5768","5769","Jeanelle","Like"
"5769","5770","Caresse","Like"
"5770","5771","Susan","Like"
"5771","5772","Joell","Like"
"5772","5773","Farly","Like"
"5773","5774","Maisie","Like"
"5774","5775","Queenie","Like"
"5775","5776","Carmine","Like"
"5776","5777","Amos","Like"
"5777","5778","Stacee","Like"
"5778","5779","Kirbee","Like"
"5779","5780","Dar","Like"
"5780","5781","Gav","Like"
"5781","5782","Issy","Like"
"5782","5783","Rafaelita","Like"
"5783","5784","Nissie","Like"
"5784","5785","Jodie","Like"
"5785","5786","Willy","Like"
"5786","5787","Hally","Like"
"5787","5788","Lorrin","Like"
"5788","5789","Violetta","Like"
"5789","5790","Margit","Like"
"5790","5791","Eziechiele","Like"
"5791","5792","Karie","Like"
"5792","5793","Simonne","Like"
"5793","5794","Blaine","Like"
"5794","5795","Anabel","Like"
"5795","5796","Perry","Like"
"5796","5797","Homere","Like"
"5797","5798","Doug","Like"
"5798","5799","Maren","Like"
"5799","5800","Myrle","Like"
"5800","5801","Germaine","Like"
"5801","5802","Karylin","Like"
"5802","5803","Tamra","Like"
"5803","5804","Rozelle","Like"
"5804","5805","Xavier","Like"
"5805","5806","Stesha","Like"
"5806","5807","Ceil","Like"
"5807","5808","Anstice","Like"
"5808","5809","Hershel","Like"
"5809","5810","Cord","Like"
"5810","5811","Mable","Like"
"5811","5812","Vite","Like"
"5812","5813","Romain","Like"
"5813","5814","Britte","Like"
"5814","5815","Ellynn","Like"
"5815","5816","Idalia","Like"
"5816","5817","Robbyn","Like"
"5817","5818","Hamlen","Like"
"5818","5819","Rosalynd","Like"
"5819","5820","Izzy","Like"
"5820","5821","Maurie","Like"
"5821","5822","Salem","Like"
"5822","5823","Lillian","Like"
"5823","5824","Barri","Like"
"5824","5825","Ame","Like"
"5825","5826","Nadya","Like"
"5826","5827","Bartolemo","Like"
"5827","5828","Hallie","Like"
"5828","5829","Aveline","Like"
"5829","5830","Kirby","Like"
"5830","5831","Cirstoforo","Like"
"5831","5832","Ariel","Like"
"5832","5833","Fabe","Like"
"5833","5834","Amory","Like"
"5834","5835","Boyce","Like"
"5835","5836","Fredelia","Like"
"5836","5837","Morna","Like"
"5837","5838","Jedediah","Like"
"5838","5839","Leonard","Like"
"5839","5840","Laughton","Like"
"5840","5841","Loree","Like"
"5841","5842","Janos","Like"
"5842","5843","Sander","Like"
"5843","5844","Berti","Like"
"5844","5845","Phillipp","Like"
"5845","5846","Rolfe","Like"
"5846","5847","Carina","Like"
"5847","5848","Vernice","Like"
"5848","5849","Jesselyn","Like"
"5849","5850","Korey","Like"
"5850","5851","Mohandas","Like"
"5851","5852","Perry","Like"
"5852","5853","Maddie","Like"
"5853","5854","Hasheem","Like"
"5854","5855","Gill","Like"
"5855","5856","Hartley","Like"
"5856","5857","Pablo","Like"
"5857","5858","Stearn","Like"
"5858","5859","Deerdre","Like"
"5859","5860","Nevil","Like"
"5860","5861","Petronilla","Like"
"5861","5862","Creight","Like"
"5862","5863","Mandie","Like"
"5863","5864","Kristi","Like"
"5864","5865","Mireille","Like"
"5865","5866","Marielle","Like"
"5866","5867","Walt","Like"
"5867","5868","Ruthi","Like"
"5868","5869","Linzy","Like"
"5869","5870","Teriann","Like"
"5870","5871","Carlynne","Like"
"5871","5872","Chico","Like"
"5872","5873","Venita","Like"
"5873","5874","Alasdair","Like"
"5874","5875","Jandy","Like"
"5875","5876","Ulises","Like"
"5876","5877","Phylis","Like"
"5877","5878","Humfrid","Like"
"5878","5879","Nikki","Like"
"5879","5880","Cynthia","Like"
"5880","5881","Whitney","Like"
"5881","5882","Beale","Like"
"5882","5883","Joey","Like"
"5883","5884","Whittaker","Like"
"5884","5885","Davy","Like"
"5885","5886","Esdras","Like"
"5886","5887","Adolpho","Like"
"5887","5888","Susannah","Like"
"5888","5889","Randi","Like"
"5889","5890","Alyse","Like"
"5890","5891","Freddi","Like"
"5891","5892","Bliss","Like"
"5892","5893","Humberto","Like"
"5893","5894","Orelie","Like"
"5894","5895","Dreddy","Like"
"5895","5896","Madelaine","Like"
"5896","5897","Obadias","Like"
"5897","5898","Nestor","Like"
"5898","5899","Alfons","Like"
"5899","5900","Cyril","Like"
"5900","5901","Camey","Like"
"5901","5902","Cymbre","Like"
"5902","5903","Abbie","Like"
"5903","5904","Noll","Like"
"5904","5905","Sephira","Like"
"5905","5906","Lutero","Like"
"5906","5907","Terrie","Like"
"5907","5908","Gregory","Like"
"5908","5909","Sollie","Like"
"5909","5910","Regan","Like"
"5910","5911","Garrett","Like"
"5911","5912","Linet","Like"
"5912","5913","Benedetto","Like"
"5913","5914","Harriet","Like"
"5914","5915","Nanice","Like"
"5915","5916","Giselle","Like"
"5916","5917","Debi","Like"
"5917","5918","Leonore","Like"
"5918","5919","Hubert","Like"
"5919","5920","Emory","Like"
"5920","5921","Minnie","Like"
"5921","5922","Giuditta","Like"
"5922","5923","Andree","Like"
"5923","5924","Case","Like"
"5924","5925","Trace","Like"
"5925","5926","Corrie","Like"
"5926","5927","Dorella","Like"
"5927","5928","Kareem","Like"
"5928","5929","Trevor","Like"
"5929","5930","Gwenni","Like"
"5930","5931","Venus","Like"
"5931","5932","Mychal","Like"
"5932","5933","Yvon","Like"
"5933","5934","Johannah","Like"
"5934","5935","Marj","Like"
"5935","5936","Dasi","Like"
"5936","5937","Bobine","Like"
"5937","5938","Terrye","Like"
"5938","5939","Thornton","Like"
"5939","5940","Burty","Like"
"5940","5941","Molly","Like"
"5941","5942","Rozalie","Like"
"5942","5943","Adelaida","Like"
"5943","5944","Charissa","Like"
"5944","5945","Rudolph","Like"
"5945","5946","Manfred","Like"
"5946","5947","Jeana","Like"
"5947","5948","Revkah","Like"
"5948","5949","Sherill","Like"
"5949","5950","Eldon","Like"
"5950","5951","Maddie","Like"
"5951","5952","Tobiah","Like"
"5952","5953","Flora","Like"
"5953","5954","Annabal","Like"
"5954","5955","Ilka","Like"
"5955","5956","Meade","Like"
"5956","5957","Cris","Like"
"5957","5958","Ephrayim","Like"
"5958","5959","Matteo","Like"
"5959","5960","Wanda","Like"
"5960","5961","Jerrie","Like"
"5961","5962","Natala","Like"
"5962","5963","Kaiser","Like"
"5963","5964","Elita","Like"
"5964","5965","Arnuad","Like"
"5965","5966","Holly","Like"
"5966","5967","Syman","Like"
"5967","5968","Lars","Like"
"5968","5969","Margalit","Like"
"5969","5970","Gigi","Like"
"5970","5971","Rosie","Like"
"5971","5972","Arlinda","Like"
"5972","5973","Jeffry","Like"
"5973","5974","Silvano","Like"
"5974","5975","Papageno","Like"
"5975","5976","Brose","Like"
"5976","5977","Nicoli","Like"
"5977","5978","Emmalee","Like"
"5978","5979","Raul","Like"
"5979","5980","Nathalie","Like"
"5980","5981","Nicolis","Like"
"5981","5982","Clive","Like"
"5982","5983","Cissiee","Like"
"5983","5984","Julius","Like"
"5984","5985","Amalle","Like"
"5985","5986","Pail","Like"
"5986","5987","Terza","Like"
"5987","5988","Nicolais","Like"
"5988","5989","Rora","Like"
"5989","5990","Kristian","Like"
"5990","5991","Isabella","Like"
"5991","5992","Karin","Like"
"5992","5993","Olivero","Like"
"5993","5994","Ev","Like"
"5994","5995","Allie","Like"
"5995","5996","Selina","Like"
"5996","5997","Courtney","Like"
"5997","5998","Jareb","Like"
"5998","5999","Trudie","Like"
"5999","6000","Brietta","Like"
"6000","5999","Marice","Like"